county,threshold,accuracy,precision,recall,f1,predicted_hp_share
Dallas County (5-fold CV),0.2,0.8951,0.7402,0.9365,0.8269,0.3383
Dallas County (5-fold CV),0.25,0.9049,0.7683,0.9225,0.8384,0.3211
Dallas County (5-fold CV),0.3,0.9096,0.7884,0.9048,0.8426,0.3069
Dallas County (5-fold CV),0.35,0.9149,0.8098,0.8908,0.8484,0.2941
Dallas County (5-fold CV),0.4,0.9171,0.8284,0.8702,0.8488,0.2809
Dallas County (5-fold CV),0.45,0.9169,0.8423,0.8478,0.845,0.2692
Dallas County (5-fold CV),0.5,0.9176,0.8587,0.8282,0.8432,0.2579
Dallas County (5-fold CV),0.55,0.9166,0.8741,0.8039,0.8375,0.2459
Dallas County (5-fold CV),0.6,0.9151,0.8901,0.7787,0.8307,0.234
Collin County,0.2,0.9112,0.7456,0.8854,0.8095,0.2531
Collin County,0.25,0.9119,0.7735,0.8299,0.8007,0.2287
Collin County,0.3,0.9149,0.8078,0.7882,0.7979,0.208
Collin County,0.35,0.9134,0.8353,0.7396,0.7845,0.1887
Collin County,0.4,0.8979,0.8571,0.625,0.7229,0.1554
Collin County,0.45,0.8823,0.8909,0.5104,0.649,0.1221
Collin County,0.5,0.8631,0.9055,0.3993,0.5542,0.094
Collin County,0.55,0.8386,0.9375,0.2604,0.4076,0.0592
Collin County,0.6,0.812,0.9722,0.1215,0.216,0.0266
Denton County,0.2,0.8942,0.7105,0.9135,0.7993,0.2966
Denton County,0.25,0.9046,0.7516,0.8759,0.809,0.2689
Denton County,0.3,0.9081,0.7817,0.8346,0.8073,0.2463
Denton County,0.35,0.9237,0.8618,0.797,0.8281,0.2134
Denton County,0.4,0.9124,0.8837,0.7143,0.79,0.1865
Denton County,0.45,0.8855,0.8807,0.5827,0.7014,0.1526
Denton County,0.5,0.8612,0.9077,0.4436,0.596,0.1127
Denton County,0.55,0.8343,0.9213,0.3083,0.462,0.0772
Denton County,0.6,0.8127,0.9464,0.1992,0.3292,0.0486
Ellis County,0.2,0.9191,0.7765,1.0,0.8742,0.3617
Ellis County,0.25,0.9447,0.8354,1.0,0.9103,0.3362
Ellis County,0.3,0.9489,0.875,0.9545,0.913,0.3064
Ellis County,0.35,0.9574,0.9,0.9545,0.9265,0.2979
Ellis County,0.4,0.9574,0.9242,0.9242,0.9242,0.2809
Ellis County,0.45,0.9404,0.9333,0.8485,0.8889,0.2553
Ellis County,0.5,0.9234,0.9444,0.7727,0.85,0.2298
Ellis County,0.55,0.9106,1.0,0.6818,0.8108,0.1915
Ellis County,0.6,0.8255,1.0,0.3788,0.5495,0.1064
Kaufman County,0.2,0.9752,1.0,0.9024,0.9487,0.2298
Kaufman County,0.25,0.9565,1.0,0.8293,0.9067,0.2112
Kaufman County,0.3,0.9503,1.0,0.8049,0.8919,0.205
Kaufman County,0.35,0.9503,1.0,0.8049,0.8919,0.205
Kaufman County,0.4,0.9379,1.0,0.7561,0.8611,0.1925
Kaufman County,0.45,0.9006,1.0,0.6098,0.7576,0.1553
Kaufman County,0.5,0.8758,1.0,0.5122,0.6774,0.1304
Kaufman County,0.55,0.8075,1.0,0.2439,0.3922,0.0621
Kaufman County,0.6,0.764,1.0,0.0732,0.1364,0.0186
Rockwall County,0.2,0.9286,0.8108,0.9375,0.8696,0.2937
Rockwall County,0.25,0.9444,0.8788,0.9062,0.8923,0.2619
Rockwall County,0.3,0.9365,0.875,0.875,0.875,0.254
Rockwall County,0.35,0.9286,0.8966,0.8125,0.8525,0.2302
Rockwall County,0.4,0.9127,0.8889,0.75,0.8136,0.2143
Rockwall County,0.45,0.881,0.9048,0.5938,0.717,0.1667
Rockwall County,0.5,0.8651,0.8947,0.5312,0.6667,0.1508
Rockwall County,0.55,0.8651,0.9412,0.5,0.6531,0.1349
Rockwall County,0.6,0.8095,0.9,0.2812,0.4286,0.0794
Tarrant County,0.2,0.9058,0.7603,0.9485,0.8441,0.3352
Tarrant County,0.25,0.9183,0.7958,0.9363,0.8604,0.3161
Tarrant County,0.3,0.922,0.8192,0.9105,0.8624,0.2986
Tarrant County,0.35,0.9236,0.8435,0.8787,0.8607,0.2799
Tarrant County,0.4,0.9203,0.8633,0.8358,0.8493,0.2601
Tarrant County,0.45,0.9075,0.8784,0.761,0.8155,0.2328
Tarrant County,0.5,0.893,0.8891,0.6875,0.7754,0.2078
Tarrant County,0.55,0.8716,0.9065,0.5821,0.709,0.1725
Tarrant County,0.6,0.8321,0.9474,0.3971,0.5596,0.1126
All external counties,0.2,0.9076,0.755,0.9311,0.8338,0.3069
All external counties,0.25,0.9169,0.7913,0.9046,0.8442,0.2845
All external counties,0.3,0.9198,0.8179,0.8721,0.8441,0.2654
All external counties,0.35,0.9235,0.8523,0.8376,0.8449,0.2446
All external counties,0.4,0.9156,0.8723,0.774,0.8202,0.2208
All external counties,0.45,0.8982,0.8865,0.6779,0.7683,0.1903
All external counties,0.5,0.8804,0.8992,0.5852,0.709,0.162
All external counties,0.55,0.8568,0.919,0.4659,0.6183,0.1262
All external counties,0.6,0.8214,0.9513,0.2975,0.4533,0.0778
